"ID_Bus";"Desc_Ruta";"ID_Modalidad";"ID_Depto";"ID_Municipio";"HoraInicio";"HoraFinal";"TiempoEstimado";"KmlUbicacion"
1;"Carrizal - El Centro - Miraflores";1;8;110;"5:30:00";"19:15:00";"3 Minutos";"https://www.dropbox.com/s/ozzsrqnm785hbhr/CARRIZAL%20EL%20CENTRO%20MIRAFLORES.kmz?dl=0"
2;"San Francisco - El Centro";1;8;110;"5:30:00";"19:15:00";"7 Minutos";"https://www.dropbox.com/s/667w24z1xvjpdc8/SAN%20FRANCISCO%20EL%20CENTRO.kmz?dl=0"
3;"Los Llanos - Aleman - La Isla - El Centro";1;8;110;"5:30:00";"19:30:00";"20 Minutos";"https://www.dropbox.com/s/wfem6hjdcli5ne8/ALEMAN%20LLANOS%20ISLA%20CENTRO.kmz?dl=0"
4;"Anillo Periférico - Ulloa - UTH - UNAH - La Sosa";1;8;110;"5:45:00";"19:30:00";"6 Minutos";"https://www.dropbox.com/s/ty4w4abx3o1m5ux/Anillo%20Periferico%20Ulloa%20UNAH%20La%20Sosa.kmz?dl=0"
5;"Cuidad España - El Mercado";1;8;110;"5:00:00";"18:30:00";"20 Minutos";"https://www.dropbox.com/s/xvycxfamdvfypw6/CIUDAD%20ESPA%C3%91A%20MERCADO.kmz?dl=0"
6;"Cerro Grande - Mall Premier - Metromall - Cascadas - UNAH - La Sosa";1;8;110;"5:30:00";"20:00:00";"3 Minutos";"https://www.dropbox.com/s/whkylj63xbz458s/CERRO%20GRANDE%20MALL%20PREMIER%20METROMALL%20CASCADAS%20UNAH%20LA%20SOSA.kmz?dl=0"
7;"El Hato de en medio - UNAH - Kennedy - Miraflores";1;8;110;"5:45:00";"19:00:00";"7 Minutos";"https://www.dropbox.com/s/99u2xcplb916rmw/HATO%20DE%20ENMEDIO%20UNAH%20KENNEDY%20PLAZA%20MIRAFLORES.kmz?dl=0"
8;"Carrizal - Metromall - Cascadas - UNAH - La Sosa";1;8;110;"5:30:00";"19:15:00";"6 Minutos";"https://www.dropbox.com/s/y5kc7ga743cr2vx/CARRIZAL%20CASCADAS%20UNAH%20LA%20SOSA.kmz?dl=0"
9;"El Hato de en medio - Centro - Los Robles";1;8;110;"5:30:00";"18:45:00";"5 Minutos";"https://www.dropbox.com/s/lgivjdbcuyujgya/HATO%20DE%20ENMEDIO%20CENTRO%20LOS%20ROBLES.kmz?dl=0"
10;"El Hato de en medio - UNICAH - Los Robles - El Pedregal - Kennedy - San Felipe";1;8;110;"5:00:00";"19:00:00";"10 Minutos";"https://www.dropbox.com/s/ty0ece2rrqmqd88/HATO%20DE%20ENMEDIO%20ROBLES%20PEDREGAL%20CITY%20MALL%20CATOLICA%20KENNEDY%20UNAH%20SAN%20FELIPE.kmz?dl=0"
11;"Cerro Grande - Kennedy - El Tablón";1;8;110;"4:30:00";"19:30:00";"120 Minutos";"https://www.dropbox.com/s/s8dzyv0i9tkieqa/Cerro_Grande_Kennedy.kmz?dl=1"
12;"Mateo - Las Tapias - El Centro";1;8;110;"5:30:00";"18:00:00";"7 Minutos";"https://www.dropbox.com/s/1pta735o0bqon2r/MATEO%20LAS%20TAPIAS%20EL%20CENTRO.kmz?dl=0"
13;"Popular - El Centro - El Sitio";1;8;110;"5:45:00";"18:45:00";"60 Minutos";"https://www.dropbox.com/s/qjciy4mu7mv2603/RUTA%20POPULAR%20CENTRO%20EL%20SITIO.kmz?dl=0"
14;"Villa Vieja - El Mercado";1;8;110;"5:30:00";"20:30:00";"30 Minutos";"https://www.dropbox.com/s/bx75ri71qi1epri/VILLA%20VIEJA%20EL%20MERCADO.kmz?dl=0"
15;"Popular - El Centro - Reparto por Arriba";1;8;110;"5:45:00";"18:45:00";"15 Minutos";"https://www.dropbox.com/s/61th8vz8iy6qtsb/POPULAR%20EL%20CENTRO%20REPARTO%20POR%20ARRIBA.kmz?dl=0"
16;"Cerro Grande - Villanueva";1;8;110;"5:30:00";"19:00:00";"90 Minutos";"https://www.dropbox.com/s/22thiirnamg38wt/CERRO%20GRANDE%20VILLANUEVA.kmz?dl=1"
17;"Ulloa - El Mercado";1;8;110;"5:30:00";"18:45:00";"15 Minutos";"https://www.dropbox.com/s/1rfbohn056uwys8/ULLOA%20EL%20MERCADO.kmz?dl=0"
18;"Carrizal - Reparto por Arriba";1;8;110;"5:30:00";"21:00:00";"10 Minutos";"https://www.dropbox.com/s/fc7u63qpymmubkt/Carrizal_-_Reparto_por_arriba.kmz?dl=1"
19;"Popular - El Centro - Reparto por Bajo";1;8;110;"5:45:00";"18:45:00";"15 Minutos";"https://www.dropbox.com/s/jnvg56h8ovvrz2k/POPULAR%20EL%20CENTRO%20REPARTO%20POR%20BAJO.kmz?dl=0"
20;"Los Pinos - El Mercado - El Campo";1;8;110;"5:30:00";"19:00:00";"90 Minutos";"https://www.dropbox.com/s/bwqx8pfubhifv6e/LOS%20PINOS%20EL%20MERCADO%20EL%20CAMPO.kmz?dl=0"
21;"Los Pinos - El Mercado - Honduras";1;8;110;"5:30:00";"19:00:00";"60 Minutos";"https://www.dropbox.com/s/k981dfpyvxp2ndq/LOS%20PINOS%20EL%20MERCADO%20HONDURAS.kmz?dl=0"
22;"Carrizal - Prado - Centro";1;8;110;"5:30:00";"20:00:00";"2 Minutos";"https://www.dropbox.com/s/d73szo159icde57/CARRIZAL%20PRADO%20CENTRO.kmz?dl=0"
23;"Miller - El Centro";1;8;110;"6:30:00";"19:15:00";"16 Minutos";"https://www.dropbox.com/s/hgkpysj6im73m93/MILLER%20EL%20CENTRO.kmz?dl=0"
24;"Kennedy - El Hato de en medio - La Isla - El Centro";1;8;110;"5:30:00";"19:00:00";"4 Minutos";"https://www.dropbox.com/s/hmlcq847wd9iv81/KENNEDY%20HATO%20DE%20ENMEDIO%20LA%20ISLA%20EL%20CENTRO.kmz?dl=0"
25;"Carrizal - Reparto por Bajo";1;8;110;"5:30:00";"19:45:00";"10 Minutos";"https://www.dropbox.com/s/73qkyxyqkz7bld7/CARRIZAL%20CENTRO%20REPARTO%20POR%20BAJO.kmz?dl=0"
26;"El Hatillo - El Centro";1;8;110;"5:30:00";"18:45:00";"7 Minutos";"https://www.dropbox.com/s/b7vpldpzsolomi2/EL%20HATILLO%20CENTRO.kmz?dl=0"
27;"Laureles - Centro";1;8;110;"5:30:00";"20:00:00";"30 Minutos";"https://www.dropbox.com/s/hk2btmncnu4565b/LAURELES%20CENTRO.kmz?dl=0"
28;"La Peña - Res. La Cañada - Centro";1;8;110;"5:30:00";"19:30:00";"35 Minutos";"https://www.dropbox.com/s/59vy673r1vs16f5/LA%20PE%C3%91A%20RES.%20CA%C3%91ADA%20EL%20CENTRO.kmz?dl=0"
29;"Aldea Suyapa - UNAH - El Prado - La Granja - El Mercado";1;8;110;"5:30:00";"20:00:00";"10 Minutos";"https://www.dropbox.com/s/o2f1b1nq9jxls94/ALDEA%20SUYAPA%20UNAH%20PRADO%20LA%20GRANJA%20MERCADO.kmz?dl=0"
30;"La Quezada - El Centro";1;8;110;"5:30:00";"20:00:00";"7 Minutos";"https://www.dropbox.com/s/54k1ksjz3aalri0/QUEZADA%20CENTRO.kmz?dl=0"
31;"Popular - El Centro";1;8;110;"5:45:00";"19:15:00";"20 Minutos";"https://www.dropbox.com/s/np1o6jw3562ujq3/POPULAR%20EL%20CENTRO.kmz?dl=0"
32;"Calpules - El Pedregal - El Centro";1;8;110;"5:45:00";"19:00:00";"8 Minutos";"https://www.dropbox.com/s/6i83n89c2nnqu5l/CALPULES%20%20PEDREGAL%20CENTRO.kmz?dl=0"
33;"Las Palmas - Blvd. Kennedy - El Centro";1;8;110;"5:30:00";"19:00:00";"5 Minutos";"https://www.dropbox.com/s/jqehpxz794lht8d/LAS%20PALMAS%20BLVD.%20KENNEDY%20EL%20CENTRO.kmz?dl=0"
34;"Los Profesores - El Centro - Reparto por Arriba";1;8;110;"5:30:00";"19:00:00";"10 Minutos";"https://www.dropbox.com/s/wzqk2dx9obnnuxo/PROFESORES%20EL%20CENTRO%20REPARTO%20POR%20ARRIBA.kmz?dl=0"
35;"Divino Paraiso - El Mercado";1;8;110;"5:30:00";"19:15:00";"10 Minutos";"https://www.dropbox.com/s/wg5uqcmazmttolw/DIVINO%20PARAISO%20EL%20MERCADO.kmz?dl=0"
36;"Campo Cielo - El Centro";1;8;110;"5:30:00";"20:30:00";"7 Minutos";"https://www.dropbox.com/s/8y3r0ujriynumgj/Campo_Cielo_-_El_Centro.kmz?dl=1"
37;"Flor del Campo Zona 2 - El Centro";1;8;110;"5:30:00";"19:00:00";"7 Minutos";"https://www.dropbox.com/s/izqgxjkuc2c0u29/FLOR%20DEL%20CAMPO%20Z2%20CENTRO.kmz?dl=1"
38;"Flor del Campo Zona 1 - El Centro";1;8;110;"5:30:00";"19:30:00";"7 Minutos";"https://www.dropbox.com/s/8nx2exw1waktdg8/FLOR%20DEL%20CAMPO%20ZONA%201%20EL%20CENTRO.kmz?dl=1"
39;"Universidad - El Centro - La Isla";1;8;110;"5:45:00";"19:15:00";"10 Minutos";"https://www.dropbox.com/s/j0gstry4opa9qbr/UNIVERSIDAD%20EL%20CENTRO%20LA%20ISLA.kmz?dl=0"
40;"Los Profesores - El Centro - Reparto por Bajo";1;8;110;"5:30:00";"19:00:00";"10 Minutos";"https://www.dropbox.com/s/h0uqppun5ruc826/PROFESORES%20EL%20CENTRO%20REPARTO%20POR%20BAJO.kmz?dl=0"
41;"Tiloarque - El Centro - La Sosa";1;8;110;"5:30:00";"20:00:00";"7 Minutos";"https://www.dropbox.com/s/zjtry1tq2b5vi6y/TILOARQUE%20LA%20SOSA.kmz?dl=0"
42;"Las Casitas - El Centro";1;8;110;"5:30:00";"19:00:00";"15 Minutos";"https://www.dropbox.com/s/81sto0xf9xs0hg2/LAS%20CASITAS%20CENTRO.kmz?dl=0"
43;"Río Abajo - El Centro";1;8;110;"5:30:00";"19:00:00";"8 Minutos";"https://www.dropbox.com/s/vjnxlgfnrxsv9tb/RIO%20ABAJO%20EL%20CENTRO.kmz?dl=0"
44;"Zambrano - Mall Premier";1;8;110;"4:45:00";"19:20:00";"30 Minutos";"https://www.dropbox.com/s/naa28hhc734zrm2/ZAMBRANO%20MALL%20PREMIER.kmz?dl=0"
45;"Monteredondo - El Mercado";1;8;110;"4:50:00";"18:30:00";"120 Minutos";"https://www.dropbox.com/s/3kuy9bd8vy4kmp2/MONTEREDONDO%20MERCADO.kmz?dl=0"
46;"Tamara - El Mercado";1;8;110;"5:00:00";"18:00:00";"20 Minutos";"https://www.dropbox.com/s/qm1pdjihgt40zju/TAMARA%20MERCADO.kmz?dl=0"
47;"Divina Providencia - Mercado";1;8;110;"5:00:00";"19:00:00";"30 Minutos";"https://www.dropbox.com/s/1cqedw79qaiba6e/DIVINA%20PROVIDENCIA%20MERCADO.kmz?dl=0"
48;"Campo Verde - Mall Premier";1;8;110;"5:00:00";"20:00:00";"30 Minutos";"https://www.dropbox.com/s/lalv9rvk7dy29rp/CAMPO%20VERDE%20MALL%20PREMIER.kmz?dl=0"
49;"Río Grande - Kennedy - El Tablón";1;8;110;"5:30:00";"20:00:00";"10 Minutos";"https://www.dropbox.com/s/ed9os4upmyc5zkk/RIO%20GRANDE%20CENTRO%20KENNEDY%20EL%20TABLON.kmz?dl=0"
50;"San Juancito - San Felipe";1;8;110;"4:50:00";"19:00:00";"120 Minutos";"https://www.dropbox.com/s/6kqnxibtekrlbp9/SAN%20JUANCITO%20SAN%20FELIPE.kmz?dl=0"
51;"El Carrizal - El Centro - El Sitio";1;8;110;"4:55:00";"19:00:00";"7 Minutos";"https://www.dropbox.com/s/mweg0cse3is4qef/Carrizal_Centro_El_Sitio.kmz?dl=1"
52;"El Carrizal - Centro - La Sosa";1;8;110;"5:30:00";"20:00:00";"5 Minutos";"https://www.dropbox.com/s/kguw47huzj32oum/CARRIZAL%20CENTRO%20LA%20SOSA.kmz?dl=0"
53;"Maria José - Centro";1;8;110;"5:15:00";"19:00:00";"10 Minutos";"https://www.dropbox.com/s/y0yr0u35ov0e0rq/MARIA%20JOSE%20CENTRO.kmz?dl=0"
54;"Carrizal - La Esperanza - 28 de Marzo - San Felipe";1;8;110;"5:30:00";"20:00:00";"7 Minutos";"https://www.dropbox.com/s/b2inn9akmgve1o4/CARRIZAL%20LA%20ESPERANZA%2028%20MARZO%20SAN%20FELIPE.kmz?dl=0"
55;"Guasculile - El Centro - Residencial Los Olivos";1;8;110;"5:00:00";"16:45:00";"15 Minutos";"https://www.dropbox.com/s/p4vv7ya4f1vgavv/GUASCULILE%20CENTRO%20RES%20LOS%20OLIVOS.kmz?dl=0"
56;"Río Grande - San Felipe";1;8;110;"5:30:00";"20:00:00";"6 Minutos";"https://www.dropbox.com/s/x1e5f52ddxb06c4/RIO%20GRANDE%20LOMAS%20SAN%20FELIPE.kmz?dl=0"
57;"Nuevo Tiempo - El Mercado";1;8;110;"5:25:00";"17:45:00";"30 Minutos";"https://www.dropbox.com/s/i0ljf52nk7rkfgv/NUEVO%20TIEMPO%20EL%20MERCADO.kmz?dl=0"
58;"Tiloarque - El Centro - La Esperanza";1;8;110;"5:00:00";"19:00:00";"5 Minutos";"https://www.dropbox.com/s/58hcloavz3b4xwu/El_Tiloarque_-_El_Centro_-_La_Esperanza.kmz?dl=1"
59;"Peniel - El Centro";1;8;110;"6:00:00";"17:45:00";"10 Minutos";"https://www.dropbox.com/s/4jn2v06uf4rkahn/PENIEL%20CENTRO.kmz?dl=0"
60;"Residencial Centro América - El Centro";1;8;110;"5:45:00";"19:30:00";"14 Minutos";"https://www.dropbox.com/s/tikx5py0vw3zkis/RESIDENCIAL%20CENTROAMERICA%20CENTRO.kmz?dl=0"
61;"Las Torres - El Centro";1;8;110;"5:30:00";"18:15:00";"10 Minutos";"https://www.dropbox.com/s/um61fritco5t46b/LAS%20TORRES%20CENTRO.kmz?dl=0"
62;"Nueva Suyapa - El Mercado por el Estadio";1;8;110;"5:30:00";"20:30:00";"3 Minutos";"https://www.dropbox.com/s/3auxctr42qnpu04/NUEVA%20SUYAPA%20UNAH%20MERCADO%20%28ESTADIO%29.kmz?dl=0"
63;"Sagastume - El Centro - El Pino - Villa Campesina";1;8;110;"5:30:00";"19:00:00";"30 Minutos";"https://www.dropbox.com/s/c7h9sc3dzp605y9/SAGASTUME%20CENTRO%20EL%20PINO%20VILLA%20CAMPESINA.kmz?dl=0"
64;"Reynel Funez - El Mercado";1;8;110;"5:30:00";"18:00:00";"15 Minutos";"https://www.dropbox.com/s/g5b54yeslw3l0dh/REYNEL%20FUNEZ%20MERCADO.kmz?dl=0"
65;"Tizatillo - El Mercado";1;8;110;"5:30:00";"18:00:00";"16 Minutos";"https://www.dropbox.com/s/vba3yhssv3xhycp/Tizatillo_-_El_Mercado.kmz?dl=1"
66;"Altos de Santa Rosa - El Mercado San Isidro";1;8;110;"5:30:00";"20:00:00";"16 Minutos";"https://www.dropbox.com/s/ony5gwgbpawqyys/ALTOS%20DE%20SANTA%20ROSA%20MERCADO.kmz?dl=0"
67;"Aldea Santa Rosa - El Mercado San Isidro";1;8;110;"5:30:00";"20:00:00";"16 Minutos";"https://www.dropbox.com/s/v1vr4ulncu7n22i/ALDEA%20SANTA%20ROSA%20-%20MERCADO.kmz?dl=0"
68;"El Lolo - Buenos Aires";1;8;110;"5:30:00";"20:00:00";"30 Minutos";"https://www.dropbox.com/s/ezlc8pnlb9tqybe/EL%20LOLO%20BUENOS%20AIRES.kmz?dl=0"
69;"La Cuesta - El Mercado";1;8;110;"6:00:00";"18:00:00";"90 Minutos";"https://www.dropbox.com/s/4cgxzudxpqntuok/La_Cuesta_-_El_Mercado.kmz?dl=1"
70;"Tegucigalpa - El Piligüin - Los Trojes";1;8;110;"5:45:00";"17:30:00";"30 Minutos";"https://www.dropbox.com/s/2zddfma5lddbfv7/TEGUCIGALPA%20PILIGUIN%20TROJES.kmz?dl=0"
71;"Villafranca - La Laguna";1;8;110;"5:30:00";"18:00:00";"20 Minutos";"https://www.dropbox.com/s/5xhvteooe4d5iau/VILLAFRANCA%20LA%20LAGUNA.kmz?dl=0"
72;"Ruta 1 - Renacer";1;5;63;"4:00:00";"19:00:00";"3 Minutos";"https://www.dropbox.com/s/cjfb9mjgnnewu7k/Ruta_1_-_Renacer.kmz?dl=1"
73;"Ruta 1 - Catul Xpress";1;5;63;"5:00:00";"19:00:00";"20 Minutos";"https://www.dropbox.com/s/hlr5persywy0shn/Ruta_1_-_Catul_Xpress_Grande3.kmz?dl=1"
74;"Ruta 2 - 33 Calle";1;5;63;"4:40:00";"18:30:00";"5 Minutos";"https://www.dropbox.com/s/jhh3rd2d6ycwh07/Ruta_2_-_33_calle.kmz?dl=1"
75;"Ruta 2 - Primavera";1;5;63;"4:00:00";"21:30:00";"5 Minutos";"https://www.dropbox.com/s/i7fj9yfpyrosgi3/Ruta_2_-_Primavera_Profe.kmz?dl=1"
76;"Ruta 4 - Brisas Ideal";1;5;63;"5:20:00";"20:00:00";"5 Minutos";"https://www.dropbox.com/s/uyi3skzq4mtdosg/Ruta_4_-_Brisas_Ideal.kmz?dl=1"
77;"Ruta 4 - Por Arriba";1;5;63;"5:20:00";"19:00:00";"20 Minutos";"https://www.dropbox.com/s/a6wnd3yx559xe8g/Ruta_4_-_por_arriba.kmz?dl=1"
78;"Ruta 5 - Los Pinos";1;5;63;"4:30:00";"19:00:00";"5 Minutos";"https://www.dropbox.com/s/7wl896v9aoik3t2/Ruta%205%20-%20Los%20Pinos.kmz?dl=1"
79;"Ruta - Eben Ezer";1;5;63;"5:00:00";"20:00:00";"5 Minutos";"https://www.dropbox.com/s/r60cck65w824k1d/Ruta%20-%20Eben%20Ezer.kmz?dl=1"
80;"Ruta - San José - Chamelecón";1;5;63;"4:30:00";"21:00:00";"5 Minutos";"https://www.dropbox.com/s/ipt9efaf6b3rcl6/Ruta%20-%20San%20Jose%20-%20Chamelecon.kmz?dl=1"
81;"Ruta 7 - Setul";1;5;63;"4:30:00";"21:00:00";"5 Minutos";"https://www.dropbox.com/s/dph6urrdddckxd3/Ruta_7_-_Setul.kmz?dl=1"
82;"Ruta 7 - Tranis";1;5;63;"4:00:00";"20:00:00";"5 Minutos";"https://www.dropbox.com/s/r7yvrmk6yqf1ppb/Ruta_7_-_Tranis.kmz?dl=1"
83;"Ruta - Aldea El Carmen";1;5;63;"5:40:00";"21:00:00";"10 Minutos";"https://www.dropbox.com/s/zos19jf213lv6d6/Ruta_-_Aldea_El_Carmen.kmz?dl=1"
84;"Ruta - Armenta Stibys";1;5;63;"5:30:00";"19:00:00";"30 Minutos";"https://www.dropbox.com/s/uuiz1acvmj0oxkm/Ruta_-_Armenta_Stibys.kmz?dl=1"
85;"Ruta - Armenta";1;5;63;"5:30:00";"19:00:00";"40 Minutos";"https://www.dropbox.com/s/rsoi73jobc35sb2/Ruta_-_Armenta.kmz?dl=1"
86;"Ruta - Brisas del Valle - Sector Cofradia";1;5;63;"4:30:00";"20:00:00";"7 Minutos";"https://www.dropbox.com/s/z1amjfyejtzb2rr/Ruta_-_Brisas_del_Valle%2C_Sector_Cofradia.kmz?dl=1"
87;"Ruta - Catul Extpress Terminal Barandillas";1;5;63;"4:30:00";"20:00:00";"5 Minutos";"https://www.dropbox.com/s/ffisuv1y05eqv2a/Ruta_-_Catul_Express_Terminal-Barandillas.kmz?dl=1"
88;"Ruta - Celeo Gonzales";1;5;63;"4:50:00";"22:00:00";"6 Minutos";"https://www.dropbox.com/s/v8mcy46pu37x8q4/Ruta_-_Celeo_Gonzalez.kmz?dl=1"
89;"Ruta - Chamelecón - PILO Comixnuhl";1;5;63;"4:30:00";"20:00:00";"5 Minutos";"https://www.dropbox.com/s/zqaq1uqc56r0qtg/Ruta_-_Chamelecon_PILO-Comixnuhl.kmz?dl=1"
90;"Ruta - Choloma Caribe";1;5;63;"5:00:00";"21:00:00";"15 Minutos";"https://www.dropbox.com/s/mgs8z531axdr0he/Ruta_-_Choloma-Caribe.kmz?dl=1"
91;"Ruta - Cofradia Etic";1;5;63;"4:50:00";"21:00:00";"10 Minutos";"https://www.dropbox.com/s/whd01eqzuw9elib/Ruta_-_Cofradia_Etic.kmz?dl=1"
92;"Ruta - Colonia El Carmen";1;5;63;"4:00:00";"20:00:00";"15 Minutos";"https://www.dropbox.com/s/oz46lhsfbsk9nl4/Ruta_-_Colonia_El_Carmen.kmz?dl=1"
93;"Ruta - El Ocotillo - Etic";1;5;63;"4:00:00";"21:00:00";"20 Minutos";"https://www.dropbox.com/s/5j7isg1nhm8xnfk/Ruta_-_El_Ocotillo_Etic.kmz?dl=1"
94;"Ruta - Emtramebas Villa Florencia - Terminal";1;5;63;"5:30:00";"20:00:00";"5 Minutos";"https://www.dropbox.com/s/2707x2k2wq0jool/Ruta_-_Emtramebas_Villa_Florencia-Terminal.kmz?dl=1"
95;"Ruta - Etraser Lima";1;5;63;"4:30:00";"20:00:00";"5 Minutos";"https://www.dropbox.com/s/ve5fnaiqe1226zw/Ruta_-_Etraser_Lima.kmz?dl=1"
96;"Ruta - Felipe Zelaya";1;5;63;"4:50:00";"20:00:00";"10 Minutos";"https://www.dropbox.com/s/cb2k16tyak43czt/Ruta_-_Felipe_Zelaya.kmz?dl=1"
97;"Ruta - Fesitranh";1;5;63;"4:50:00";"20:00:00";"3 Minutos";"https://www.dropbox.com/s/ccz9ofkbfwzwyv6/Ruta_-_Fesitranh.kmz?dl=1"
98;"Ruta - Impala";1;5;63;"4:30:00";"21:00:00";"4 Minutos";"https://www.dropbox.com/s/4oq7a74imct66ik/Ruta_-_Impala.kmz?dl=1"
99;"Ruta - Lima Flores de Oriente";1;5;63;"4:30:00";"20:00:00";"6 Minutos";"https://www.dropbox.com/s/dxob1adzwyfc2sv/Ruta_-_Lima_Flores_de_Oriente.kmz?dl=1"
100;"Ruta - Lomas del Carmen Etral";1;5;63;"4:30:00";"21:30:00";"5 Minutos";"https://www.dropbox.com/s/009jvikslk3f2h2/Ruta_-_Lomas_del_Carmen_Etral.kmz?dl=1"
101;"Ruta - Lopez Champerios";1;5;63;"4:30:00";"20:00:00";"15 Minutos";"https://www.dropbox.com/s/j2a423xety1q09r/Ruta_-_Lopez_Champerios.kmz?dl=1"
102;"Ruta - Lopez Eticla Etislah Emtrasecho Cosetral";1;5;63;"4:30:00";"21:30:00";"3 Minutos";"https://www.dropbox.com/s/uest5oryf7lh3ie/Ruta_-_Lopez_Eticla%2C_Etislah%2C_Emtrasecho%2C_Cosetral.kmz?dl=1"
103;"Ruta - Montebello";1;5;63;"5:30:00";"19:00:00";"7 Minutos";"https://www.dropbox.com/s/9zzzkveptv3i8wd/Ruta_-_Montebello.kmz?dl=1"
104;"Ruta - Naco - San Pedro Sula Sector Cofradia";1;5;63;"4:00:00";"20:00:00";"5 Minutos";"https://www.dropbox.com/s/2fzdeuwf9zhvecr/Ruta_-_Naco-SPS_Sector_Cofradia.kmz?dl=1"
105;"Ruta - Planeta Kitur";1;5;63;"4:15:00";"21:30:00";"6 Minutos";"https://www.dropbox.com/s/6avylqc5zvin1qp/Ruta_-_Planeta_Kitur.kmz?dl=1"
106;"Ruta - Planeta";1;5;63;"4:00:00";"21:30:00";"10 Minutos";"https://www.dropbox.com/s/9y6b976jad1tcyp/Ruta_-_Planeta.kmz?dl=1"
107;"Ruta - San Vicente - Flore de Cuba";1;5;63;"4:40:00";"20:00:00";"20 Minutos";"https://www.dropbox.com/s/yqpf1lbyemx32f1/Ruta_-_San_Vicente-Flor_de_Cuba.kmz?dl=1"
109;"Ruta - Sandoval - Pradera Centro";1;5;63;"5:00:00";"20:00:00";"10 Minutos";"https://www.dropbox.com/s/yvftjd2rwxjhmwc/Ruta_-_Sandoval-Pradera_Centro.kmz?dl=1"
110;"Ruta - Tisma - Trasil - Trasur - Tela Express - Blvd del Este";1;5;63;"5:00:00";"19:00:00";"20 Minutos";"https://www.dropbox.com/s/qw3hhoevlqvgq9g/Ruta_-_Tisma-Trasil-Trasul-Tela_Express-Blv_del_Este.kmz?dl=1"
111;"Ruta - Universidad";1;5;63;"5:00:00";"21:00:00";"5 Minutos";"https://www.dropbox.com/s/5ca87pnm8rn2hr1/Ruta_-_Universidad.kmz?dl=1"
112;"Ruta - Vida Nueva - Emtravinu - Emtravin";1;5;63;"4:10:00";"20:00:00";"17 Minutos";"https://www.dropbox.com/s/eayw642xtyynmlv/Ruta_-_Vida_Nueva_Emtravinu_Emtravin.kmz?dl=1"
113;"Ruta - Zapotal";1;5;63;"5:00:00";"19:00:00";"180 Minutos";"https://www.dropbox.com/s/luci3aixsthmuw2/Ruta_-_Zapotal.kmz?dl=1"
114;"Ruta - Lomas del Carmen Emtrarap";1;5;63;"4:00:00";"21:00:00";"3 Minutos";"https://www.dropbox.com/s/6mqkcj99szvhb3p/Ruta_Lomas_del_Carmen_Emtrarap.kmz?dl=1"
115;"Ruta - Rivera Hernandez";1;5;63;"4:30:00";"18:35:00";"25 Minutos";"https://www.dropbox.com/s/6dhpymzh7uxni4a/Ruta_Rivera_Hernandez_Lisusa_Emtraso.kmz?dl=1"
119;"Jutiapa - Parque Herrera";1;8;110;"4:45:00";"17:45:00";"30 Minutos";"https://www.dropbox.com/s/wrm80ae8fws9s2i/JUTIAPA%20PARQUE%20HERRERA.kmz?dl=0"
146;"Los Laureles - El Mercado";1;8;110;"5:30:00";"18:30:00";"5 Minutos";"https://www.dropbox.com/s/0hbyy7b3pbpy8w3/LAURELES%20EL%20MERCADO.kmz?dl=0"
147;"Ruta - Copen";1;5;63;"4:40:00";"19:00:00";"10 Minutos";"https://www.dropbox.com/s/i50cqyr8a9ls5ok/Ruta%20-%20Copen.kmz?dl=1"
148;"Ruta - Chotepe";1;5;63;"5:00:00";"19:00:00";"60 Minutos";"https://www.dropbox.com/s/inc1tsjwbi8qkw2/Ruta%20-%20Chotepe.kmz?dl=1"
479;"Ruta 1 - JVC Estadio";1;6;75;"6:00:00";"17:30:00";"20 Minutos";"https://www.dropbox.com/s/gqcf4if044uhlv6/Ruta%201%20JVC%20Estadio.kmz?dl=1"
480;"Ruta 2 - Colonias Unidas";1;6;75;"5:30:00";"18:00:00";"10 Minutos";"https://www.dropbox.com/s/q67ydac00bnk3jl/Ruta%202%20Colonias%20Unidas.kmz?dl=1"
481;"Ruta 3 - Centro Penal";1;6;75;"6:00:00";"17:30:00";"10 Minutos";"https://www.dropbox.com/s/aidlsfwtsnc25h2/Ruta%203%20Centro%20Penal.kmz?dl=1"
482;"Ruta 4 - Julio Midence";1;6;75;"5:30:00";"18:00:00";"40 Minutos";"https://www.dropbox.com/s/movrc3gprj1tp5h/Ruta%204%20Julio%20Midence.kmz?dl=1"
483;"Ruta 5 - Venesia";1;6;75;"5:00:00";"17:00:00";"30 Minutos";"https://www.dropbox.com/s/a8ry8o5m8om9avj/Ruta%205%20Venesia.kmz?dl=1"
484;"Ruta 6 - Ciudad Nueva";1;6;75;"4:40:00";"18:30:00";"8 Minutos";"https://www.dropbox.com/s/bqyb9va9ezjelk5/Ruta%206%20Ciudad%20Nueva.kmz?dl=1"
485;"Ruta 7 - Champagnat";1;6;75;"5:13:00";"18:00:00";"8 Minutos";"https://www.dropbox.com/s/k73jgqlxii522du/Ruta%207%20Champagnat.kmz?dl=1"
486;"Ruta 8 - Monte Carlos";1;6;75;"5:40:00";"17:30:00";"15 Minutos";"https://www.dropbox.com/s/i8stmombc1pf9vu/Ruta%208%20Monte%20Carlos.kmz?dl=1"
487;"Ruta 8 - Monte Carlos";1;6;75;"5:40:00";"17:30:00";"15 Minutos";"https://www.dropbox.com/s/i8stmombc1pf9vu/Ruta%208%20Monte%20Carlos.kmz?dl=1"
488;"Ruta 9 - Res. Villa Bertilia";1;6;75;"6:00:00";"17:00:00";"10 Minutos";"https://www.dropbox.com/s/9h32i0vkcke54r0/Ruta%209%20Res.%20Villa%20Bertilia.kmz?dl=1"
489;"Ruta 10 - Ciudad Chorotega";1;6;75;"5:00:00";"16:20:00";"45 Minutos";"https://www.dropbox.com/s/ri41hzx9e2nm6z3/Ruta%2010%20Ciudad%20Chorotega.kmz?dl=1"
490;"Ruta 11 - El Dorado";1;6;75;"5:00:00";"17:00:00";"8 Minutos";"https://www.dropbox.com/s/x8cmol67fmc649l/Ruta%2011%20El%20Dorado.kmz?dl=1"
491;"Ruta 11 - El Dorado";1;6;75;"5:00:00";"17:00:00";"8 Minutos";"https://www.dropbox.com/s/x8cmol67fmc649l/Ruta%2011%20El%20Dorado.kmz?dl=1"
492;"Ruta 11 - El Dorado";1;6;75;"5:00:00";"17:00:00";"8 Minutos";"https://www.dropbox.com/s/x8cmol67fmc649l/Ruta%2011%20El%20Dorado.kmz?dl=1"
493;"San Juan - Intibuca - La Esperanza";1;10;144;"4:50:00";"19:30:00";"300 Minutos";"https://www.dropbox.com/s/s1q0oadf0m1r9q2/San_Juan_Intibuca_-_La_Esperanza.kmz?dl=1"
494;"La Esperanza - Intibuca - Gracias Lempira";2;10;144;"5:00:00";"17:00:00";"60 Minutos";"https://www.dropbox.com/s/25dqi8n9gb9fuf5/La%20Esperanza%20-%20Intibuca%20-%20Gracias%20Lempira.kmz?dl=1"
495;"La Esperanza - Azacualpa - Intibuca";1;10;144;"5:30:00";"17:30:00";"30 Minutos";"https://www.dropbox.com/s/z344tpoy7wbghpn/La_Esperanza%20-%20Azacualpa%20-%20Intibuca.kmz?dl=1"
496;"La Esperanza - Monquecagua";1;10;144;"4:30:00";"17:30:00";"30 Minutos";"https://www.dropbox.com/s/f1mvqemvwba2ggh/La%20Esperanza%20-%20Monquecagua.kmz?dl=1"
497;"El Clarinero - La Puerta - La Esperanza";1;10;144;"6:00:00";"18:30:00";"30 Minutos";"https://www.dropbox.com/s/lc096fz6cpgcihf/El%20Clarinero%20-%20La%20Puerta%20-%20La%20Esperanza.kmz?dl=1"
498;"El Barrial - La Puerta - La Esperanza";1;10;144;"5:10:00";"16:20:00";"200 Minutos";"https://www.dropbox.com/s/c75ak35ae9636g3/El%20Barrial%20%20-%20La%20Puerta%20-%20La%20Esperanza.kmz?dl=1"
499;"El Pahislal - La Esperanza";1;10;144;"7:00:00";"17:00:00";"15 Minutos";"https://www.dropbox.com/s/qduiboeetlrh0l6/El_Pahislal_-_La_Esperanza.kmz?dl=1"
500;"La Esperanza - Chiligatoro - El Limoncillo";1;10;144;"7:00:00";"17:00:00";"90 Minutos";"https://www.dropbox.com/s/tlntrz9ry7vvlv0/La_Esperanza_-_Chiligator_-_El_Limoncillo.kmz?dl=1"
501;"La - Esperanza - El_Pelón";1;10;144;"5:00:00";"16:00:00";"180 Minutos";"https://www.dropbox.com/s/zpfebq1ebwr5chu/La%20-%20Esperanza%20-%20El%20Pel%C3%B3n.kmz?dl=1"
515;"Ruta Centenario - San Felipe";3;8;110;"5:30:00";"20:00:00";"1 Minutos";"https://www.dropbox.com/s/pdprx23des2d27i/CENTENARIO%20SAN%20FELIPE.kmz?dl=1"
516;"Ruta Centro - 21 de Octubre - Los Girasoles";3;8;110;"5:30:00";"20:00:00";"1 Minutos";"https://www.dropbox.com/s/zb93egc7h6shnx0/CENTRO%2021%20DE%20OCTUBRE%20LOS%20GIRASOLES.kmz?dl=1"
517;"Ruta Centro - Cerro Grande Zona 2";3;8;110;"5:30:00";"20:00:00";"1 Minutos";"https://www.dropbox.com/s/ek3xzsjhxlsbgyq/CENTRO%20CERRO%20GRANDE%20ZONA%202.kmz?dl=1"
518;"Ruta Centro - El Chile";3;8;110;"5:30:00";"20:00:00";"1 Minutos";"https://www.dropbox.com/s/jsvz331fabespjf/CENTRO%20EL%20CHILE.kmz?dl=1"
519;"Ruta Centro - Flor del Campo";3;8;110;"5:30:00";"20:00:00";"1 Minutos";"https://www.dropbox.com/s/sjf3tfiagalr4ak/CENTRO%20FLOR%20DEL%20CAMPO.kmz?dl=0"
520;"Ruta Centro - La Travesia";3;8;110;"5:30:00";"20:00:00";"1 Minutos";"https://www.dropbox.com/s/3n294tlfvhmd4s2/CENTRO%20LA%20TRAVESIA.kmz?dl=1"
521;"Ruta Centro - Prados Universitarios";3;8;110;"5:30:00";"20:00:00";"1 Minutos";"https://www.dropbox.com/s/dyqstk64nhy58wv/CENTRO%20PRADOS%20UNIVERSITARIOS.kmz?dl=1"
522;"Ruta Centro - Reparto por Arriba";3;8;110;"5:30:00";"20:00:00";"1 Minutos";"https://www.dropbox.com/s/6z3po4z0wei3bek/CENTRO%20REPARTO%20POR%20ARRIBA.kmz?dl=1"
523;"Ruta Centro - Sagastume";3;8;110;"5:30:00";"20:00:00";"1 Minutos";"https://www.dropbox.com/s/z87ud7eg2njj1yf/CENTRO%20SAGASTUME.kmz?dl=1"
524;"Ruta Centro - Villa Adela - Inst. Central";3;8;110;"5:30:00";"20:00:00";"1 Minutos";"https://www.dropbox.com/s/9ymuodl6plmoheq/CENTRO%20VILLA%20ADELA%20INST.%20CENTRAL.kmz?dl=1"
525;"Ruta Centro - Villa Olimpica";3;8;110;"5:30:00";"20:00:00";"1 Minutos";"https://www.dropbox.com/s/znnphv50n23n7o2/CENTRO%20VILLA%20OLIMPICA.kmz?dl=1"
526;"Ruta Cerro Grande Zona 4 - Los Dolores";3;8;110;"5:30:00";"20:00:00";"1 Minutos";"https://www.dropbox.com/s/f1p139frca13di3/CERRO%20GRANDE%20ZONA%204%20LOS%20DOLORES.kmz?dl=1"
527;"Ruta Col. Miraflores - Corte Suprema - Centro";3;8;110;"5:00:00";"20:00:00";"1 Minutos";"https://www.dropbox.com/s/c82hx467w7nnu17/COL.MIRAFLORES%20CORTE%20SUPREMA%20CENTRO.kmz?dl=1"
528;"Ruta 1 ave. 3 calle Comayaguela - Col. 21 de Octubre";3;8;110;"5:00:00";"20:00:00";"1 Minutos";"https://www.dropbox.com/s/haq3s76e1eowns0/COMAYAGUELA%2021%20DE%20OCTUBRE.kmz?dl=1"
530;"Ruta Hato de Enmedio - Centro";3;8;110;"5:30:00";"20:00:00";"1 Minutos";"https://www.dropbox.com/s/i03iqgeh57oo6vk/HATO%20DE%20EN%20MEDIO%20CENTRO.kmz?dl=1"
531;"Ruta Hotel Granada - La Estanzuela";3;8;110;"5:30:00";"20:00:00";"1 Minutos";"https://www.dropbox.com/s/znbuzdrcy0e3fsv/HOTEL%20GRANADA%20LA%20ESTANZUELA.kmz?dl=1"
532;"Ruta La Granja - UNAH";3;8;110;"5:30:00";"20:00:00";"1 Minutos";"https://www.dropbox.com/s/rr5mdilmvnubseq/LA%20GRANJA%20UNAH.kmz?dl=0"
533;"Ruta Las Palmas - Centro ( Blvd. Juan Pablo II)";3;8;110;"5:30:00";"20:00:00";"1 Minutos";"https://www.dropbox.com/s/aky7elu8m2la4v9/LAS%20PALMAS%20CENTRO%20%28BLVD.%20JP%20II%29.kmz?dl=0"
534;"Ruta Las Palmas - Centro ( Blvd. Suyapa)";3;8;110;"5:30:00";"20:00:00";"1 Minutos";"https://www.dropbox.com/s/76gy4kn4k4quhpm/LAS%20PALMAS%20CENTRO%20%28BLVD.%20SUYAPA%29.kmz?dl=0"
535;"Ruta Mercado Los Dolores - El Bosque";3;8;110;"5:30:00";"20:00:00";"1 Minutos";"https://www.dropbox.com/s/b1g14qeuqwd3dv6/MERCADO%20LOS%20DOLORES%20EL%20BOSQUE.kmz?dl=0"
536;"Ruta Mercado San Miguel - Col. San Miguel";3;8;110;"5:30:00";"20:00:00";"1 Minutos";"https://www.dropbox.com/s/xfb36plt1mvtl89/MERCADO%20SAN%20MIGUEL%20COL%20SAN%20MIGUEL.kmz?dl=1"
537;"Ruta Mercado - Campo Cielo";3;8;110;"5:30:00";"8:00:00";"1 Minutos";"https://www.dropbox.com/s/0sx4my5kj7xm6fr/MERCADO%20CAMPO%20CIELO.kmz?dl=0"
538;"Ruta Mercado - Kennedy";3;8;110;"5:30:00";"8:00:00";"1 Minutos";"https://www.dropbox.com/s/uzx44wou1pewmtq/MERCADO%20KENNEDY.kmz?dl=1"
539;"Ruta Mercado - Col. San Miguel";3;8;110;"5:30:00";"8:00:00";"1 Minutos";"https://www.dropbox.com/s/u7x5adpd2kjvvd2/MERCADO%20SAN%20MIGUEL.kmz?dl=1"
540;"Ruta Mercado Los Dolores - Buenos Aires";3;8;110;"5:30:00";"20:00:00";"1 Minutos";"https://www.dropbox.com/s/voo3dyh5klft3gw/MERCADO%20LOS%20DOLORES%20BUENOS%20AIRES.kmz?dl=1"
541;"Ruta Metromall - Quezada";3;8;110;"5:30:00";"20:00:00";"1 Minutos";"https://www.dropbox.com/s/lg4hynqekt8dpmo/METROMALL%20QUEZADA.kmz?dl=1"
542;"Ruta Metromall - Col. San Francisco";3;8;110;"5:30:00";"20:00:00";"1 Minutos";"https://www.dropbox.com/s/v74idsdpgtr8rv9/METROMALL%20SAN%20FRANCISCO.kmz?dl=1"
543;"Ruta Plaza Cuba - San Felipe - UPNFM";3;8;110;"5:30:00";"20:00:00";"1 Minutos";"https://www.dropbox.com/s/k8zmmhecgudg0fx/PLAZA%20CUBA%20SAN%20FELIPE%20UPNFM.kmz?dl=1"
544;"Ruta Puente Carias - La Era";3;8;110;"5:30:00";"20:00:00";"1 Minutos";"https://www.dropbox.com/s/3pp4ntmbg7tvoij/PUENTE%20CARIAS%20LA%20ERA.kmz?dl=0"
545;"Ruta Reparto por Bajo - Centro";3;8;110;"5:30:00";"20:00:00";"1 Minutos";"https://www.dropbox.com/s/vuoscufyuklfl12/REPARTO%20POR%20BAJO%20CENTRO.kmz?dl=1"
546;"Ruta San Jose Pedregal - Centro";3;8;110;"5:30:00";"20:00:00";"1 Minutos";"https://www.dropbox.com/s/fx960kpiaghpmqu/SAN%20JOSE%20PEDREGAL%20CENTRO.kmz?dl=1"
547;"Ruta Torocagua - UPNFM";3;8;110;"5:30:00";"20:00:00";"1 Minutos";"https://www.dropbox.com/s/6tsphmhu04wuc2s/TOROCAGUA%20UPNFM.kmz?dl=1"
548;"Ruta UNAH - 21 de Octubre";3;8;110;"5:30:00";"20:00:00";"1 Minutos";"https://www.dropbox.com/s/vcwbm22w3j5a5tl/UNAH%2021%20OCTUBRE.kmz?dl=1"
549;"Ruta UNAH - Centro";3;8;110;"5:30:00";"20:00:00";"1 Minutos";"https://www.dropbox.com/s/21rlg3p3b1rtw95/UNAH%20CENTRO.kmz?dl=1"
550;"Ruta UNAH - El Sitio";3;8;110;"5:30:00";"20:00:00";"1 Minutos";"https://www.dropbox.com/s/96dkxtsioo98l9r/UNAH%20EL%20SITIO.kmz?dl=1"
551;"Ruta UNAH - Kennedy";3;8;110;"5:30:00";"20:00:00";"1 Minutos";"https://www.dropbox.com/s/nqp3df4l5l1m4xp/UNAH%20KENNEDY.kmz?dl=1"
552;"Ruta UNAH - Loarque";3;8;110;"5:30:00";"20:00:00";"1 Minutos";"https://www.dropbox.com/s/ngzkzt7ur2rmcll/UNAH%20LOARQUE.kmz?dl=1"
553;"Ruta UNAH - Res. La Vega";3;8;110;"5:30:00";"20:00:00";"1 Minutos";"https://www.dropbox.com/s/bdrs253ns0ub1ux/UNAH%20RES%20LA%20VEGA.kmz?dl=1"
554;"Ruta UNAH - Res. Plaza";3;8;110;"5:30:00";"20:00:00";"1 Minutos";"https://www.dropbox.com/s/jqa4cykpma81w8s/UNAH%20RES.%20PLAZA.kmz?dl=1"
555;"Ruta UNAH - San Pablo (Anillo)";3;8;110;"5:30:00";"20:00:00";"1 Minutos";"https://www.dropbox.com/s/hthohzi9n0wt82i/UNAH%20SAN%20PABLO%20%28ANILLO%29.kmz?dl=1"
556;"Ruta UNAH - San Pablo";3;8;110;"5:30:00";"20:00:00";"1 Minutos";"https://www.dropbox.com/s/1v711sj6s3dswa6/UNAH%20SAN%20PABLO.kmz?dl=1"
557;"Ruta UPNFM - Col. Aleman";3;8;110;"5:30:00";"20:00:00";"1 Minutos";"https://www.dropbox.com/s/av2zk6y8t9cil2g/UPNFM%20COL%20ALEMAN.kmz?dl=1"
558;"Ruta UPNFM - Francisco Morazan";3;8;110;"5:30:00";"20:00:00";"1 Minutos";"https://www.dropbox.com/s/zfzwkonjocwi70p/UPNFM%20FRANCISCO%20MORAZAN.kmz?dl=1"
559;"Ruta UPNFM - Hato de Enmedio";3;8;110;"5:30:00";"20:00:00";"1 Minutos";"https://www.dropbox.com/s/kxb3h5xr6ef8o9y/UPNFM%20HATO%20DE%20ENMEDIO.kmz?dl=1"
560;"Ruta UPNFM - Loarque (Aeropuerto)";3;8;110;"5:30:00";"20:00:00";"1 Minutos";"https://www.dropbox.com/s/9fvq0fm5ad4s1gh/UPNFM%20LOARQUE%20AEROPUERTO.kmz?dl=1"
561;"Ruta UPNFM - Loarque (Anillo)";3;8;110;"5:30:00";"20:00:00";"1 Minutos";"https://www.dropbox.com/s/pdlwgg6rp2uufk3/UPNFM%20LOARQUE.kmz?dl=1"
562;"Ruta UPNFM - Carrizal";3;8;110;"5:30:00";"20:00:00";"1 Minutos";"https://www.dropbox.com/s/a0v1sl3ve2sajd5/UPNFM%20PUENTE%20CARRIZAL.kmz?dl=1"
585;"Centroamérica Oeste - Centro";1;8;110;"6:00:00";"14:00:00";"1 Minutos";"https://www.dropbox.com/s/qtjo2ihbugld31q/CENTROAMERICA%20OESTE%20CENTRO.kmz?dl=0"
586;"Nueva Suyapa - Mercado por el Prado";1;8;110;"5:30:00";"20:00:00";"1 Minutos";"https://www.dropbox.com/s/jysevfo97vvt9xq/Colonia%20Nueva%20Suyapa%20Mercado%20Por%20El%20Prado.kmz?dl=0"
587;"Río Abajo - Mercado";1;8;110;"5:45:00";"19:00:00";"1 Minutos";"https://www.dropbox.com/s/6gz4o43wv7d6mxb/RIO%20ABAJO%20MERCADO.kmz?dl=0"
588;"Villeda Morales - Mercado";1;8;110;"5:15:00";"19:30:00";"1 Minutos";"https://www.dropbox.com/s/76zspi517lvpnhm/VILLEDA%20MORALES%20MERCADO.kmz?dl=0"
593;"Parque Herrera - Plancitos";1;8;110;"5:30:00";"18:00:00";"1 Minutos";"https://www.dropbox.com/s/8v3shi6h1mectvf/PARQUE%20HERRERA%20PLANCITOS.kmz?dl=0"
594;"La Joya - Centro";1;8;110;"5:30:00";"20:00:00";"60 Minutos";"https://www.dropbox.com/s/48dja6za0pqz8yi/LA%20JOYA%20CENTRO.kmz?dl=0"
2639;"EL PORVENIR-TEGUCIGALPA-VICEVERSA";2;8;110;"14:49:00";"14:49:00";"1 Minutos";"0"
2797;"CENTRO-SANTA BARBARA-GALERAS-GUALJOCO-VICEVERSA";1;16;251;"16:26:00";"16:26:00";"20 Minutos";"-"
